age,income,dependents,has_property,has_car,credit_score,job_tenure,has_education,loan_amount,loan_period,delay_days
76,32181,3,0,1,814,28,1,142434,1770,0
69,52789,8,1,0,501,28,1,120887,1590,7
19,70535,1,0,1,325,26,1,188766,810,0
31,85271,1,0,1,525,29,1,406792,330,0
18,19974,2,0,1,618,34,1,155240,1560,43
51,74128,3,0,1,551,14,0,257944,420,0
67,34922,10,1,1,657,19,0,207532,240,3
27,54154,1,0,1,740,38,1,229763,660,0
61,76998,8,0,0,869,35,1,147957,90,0
61,41396,5,0,0,636,6,0,483916,120,12
20,32991,5,1,1,825,6,1,105646,960,8
35,32810,9,1,0,426,9,1,275549,1320,32
71,34539,7,1,1,704,34,0,185695,1800,35
46,84097,9,1,0,704,37,1,241330,1530,1
52,96062,3,0,1,695,36,1,239439,270,0
21,59064,3,0,0,465,0,1,351873,1290,12
49,100400,7,0,1,540,0,1,106811,180,0
75,28955,6,1,1,647,18,0,105486,1710,28
49,29538,0,0,1,338,32,1,183118,990,15
80,72503,9,0,1,493,15,0,227425,1020,1
19,43685,8,1,1,674,29,1,202325,1710,22
43,65813,4,1,1,889,2,1,286484,1170,4
21,47705,2,1,0,380,5,0,125772,1590,10
45,34165,2,1,0,597,14,0,126858,660,5
57,118027,3,1,1,521,3,1,593489,510,0
62,100853,8,0,1,688,24,0,243934,330,0
33,49473,4,0,1,514,2,1,513360,1230,39
62,34119,8,1,0,519,5,0,138119,600,4
42,16929,9,0,0,822,30,1,267557,330,18
21,23231,1,0,1,708,28,1,178434,1200,27
57,74493,5,1,1,571,16,1,103581,1590,1
47,39261,8,1,1,384,34,0,144576,870,6
20,14906,5,1,1,623,40,0,183587,600,19
47,13794,4,1,0,446,8,1,142544,750,20
42,58860,1,0,0,648,3,1,204629,1710,10
28,22883,4,0,0,708,4,0,179196,1080,24
41,128411,5,1,0,386,3,1,182877,1500,0
44,53848,5,1,0,743,15,1,126701,210,0
32,54868,5,0,1,474,30,1,211562,1560,10
24,93703,0,1,0,317,19,0,311808,780,0
42,44218,4,1,1,733,4,1,587589,720,37
35,107195,7,0,1,791,21,0,384255,150,0
65,12408,5,0,1,396,18,1,173610,1620,60
18,75691,8,0,0,826,2,0,172299,1260,1
28,39257,6,0,0,723,20,1,104396,930,5
63,141143,6,0,0,373,8,1,162741,360,0
53,82393,1,0,0,778,26,1,220345,1440,1
55,91068,8,1,0,554,15,1,277039,1260,0
64,44356,10,1,1,564,38,1,696521,1440,85
39,34143,6,1,0,779,16,0,323790,960,24
76,41037,3,0,0,337,0,1,200721,1350,15
61,48999,4,0,1,619,33,1,202121,1530,13
61,42445,7,0,0,808,5,0,246519,810,8
55,16624,2,1,1,863,23,0,298027,480,27
70,45519,6,0,1,841,9,0,205162,780,5
44,68011,3,1,0,581,13,1,109723,360,0
77,61388,6,0,0,323,16,1,249505,1320,6
73,79839,9,0,0,323,1,1,225006,1380,1
30,75036,3,1,0,565,16,1,151534,1800,2
60,59258,9,0,1,897,40,1,319230,750,3
24,79954,5,0,0,369,9,1,333322,420,0
76,31891,10,0,0,856,36,0,291573,360,10
55,84138,10,1,0,344,13,0,303164,690,0
36,53577,8,1,1,564,7,1,290373,630,3
19,92984,6,0,0,705,20,0,253201,840,0
37,73085,6,0,1,875,17,0,154754,660,0
48,37588,7,1,1,736,8,1,215424,1500,24
74,129708,4,1,0,496,0,0,186709,1740,0
18,100261,6,0,1,731,29,1,219423,1680,0
48,45220,3,0,0,801,23,0,257436,60,1
20,50499,9,1,1,746,28,0,374925,810,11
63,51059,4,0,0,789,27,0,111013,150,0
76,38600,7,1,0,360,25,0,225785,1470,23
40,95516,9,1,0,739,14,0,223016,870,0
57,82640,10,0,0,320,36,0,263114,180,0
68,15226,5,1,0,367,9,0,202001,150,11
31,41059,8,1,0,602,13,1,142354,1380,12
21,65550,5,1,1,715,14,1,120538,30,0
19,24297,2,0,1,318,27,0,189458,1410,35
29,23954,4,1,0,746,29,1,141249,1710,41
46,18881,0,1,1,687,17,1,363721,1110,59
35,23427,8,1,0,356,14,0,158538,1170,24
55,61844,6,1,1,524,20,1,146258,30,0
25,75770,4,1,1,387,35,1,231052,720,0
74,125626,9,1,0,578,36,0,123400,1530,0
43,76346,10,0,1,687,20,1,130714,1620,1
71,31374,10,1,0,889,2,0,793526,270,71
80,32686,3,0,0,742,30,0,121968,570,4
26,39707,4,1,0,319,16,0,121271,1200,8
41,10380,6,1,0,823,15,0,106019,450,13
41,119186,4,0,1,696,26,0,108284,240,0
73,48164,8,0,1,431,8,0,430657,180,6
66,66318,2,1,0,513,4,0,261753,750,1
74,74101,2,1,1,761,9,1,338108,720,1
59,82645,6,1,0,487,29,0,492451,930,3
74,12040,4,0,1,876,27,1,145727,1350,45
39,31559,2,0,1,419,35,0,119173,720,6
19,31363,4,1,1,709,22,1,150743,1710,31
23,58126,10,0,1,504,37,1,473007,240,4
74,32672,3,1,0,697,27,1,218717,90,3
61,61910,4,0,1,489,27,0,206567,1110,2
44,36565,8,1,1,541,21,1,281702,930,17
35,35486,1,0,0,567,10,0,110452,1230,11
44,55633,8,1,0,579,39,0,217218,1440,8
46,101687,6,0,0,384,5,1,626623,660,1
44,44906,2,1,0,536,27,0,154467,180,1
24,103377,3,0,0,787,37,1,119959,1560,0
71,119821,2,1,1,316,13,0,345245,1440,0
27,33343,10,0,1,837,24,0,189955,1680,33
52,48006,6,1,1,777,24,0,290815,390,3
37,63446,4,1,0,436,0,1,139299,750,0
63,79594,8,0,0,513,31,1,158321,1110,0
65,120774,0,0,1,544,16,1,371333,1380,0
49,34477,2,0,0,842,32,0,413309,240,14
70,77490,0,0,1,530,37,0,238973,360,0
70,48275,1,1,1,613,14,0,233028,1110,8
78,40734,6,1,0,447,19,0,146457,210,1
66,20058,5,1,1,424,32,0,144586,330,8
57,46889,2,1,0,343,1,1,164582,1800,18
23,39721,6,0,1,815,19,0,466212,1740,69
34,66653,7,0,0,367,37,1,484981,540,5
59,115042,10,1,1,893,19,0,178587,810,0
75,22785,4,0,0,618,18,1,193132,1320,34
41,15821,10,1,1,653,31,0,428440,1680,100
26,36675,0,1,1,655,12,1,516431,210,20
63,30011,9,0,1,476,39,0,194473,1260,23
49,27205,1,1,1,879,26,0,152068,1410,26
59,31943,5,0,1,883,9,0,229619,1500,34
28,17779,7,1,1,717,6,1,290847,420,23
71,47051,7,0,1,745,14,0,181424,1800,19
46,62925,7,1,1,592,24,1,304958,330,1
22,22462,7,1,1,472,34,1,216789,840,22
76,89222,0,0,1,417,24,0,132439,1710,0
54,34616,0,1,1,487,28,1,381847,1620,59
27,82346,0,0,1,520,9,1,151357,120,0
61,119867,8,1,0,467,25,0,554119,270,0
64,42758,3,0,0,834,28,1,147345,540,2
55,38477,6,1,1,580,10,0,229334,1230,17
51,44237,1,0,0,588,40,0,186812,1260,10
78,41895,9,1,0,538,21,0,295618,480,6
57,75318,5,1,1,321,30,0,119937,270,0
30,99075,0,0,1,746,17,0,336882,120,0
41,109028,5,0,0,519,37,1,169804,60,0
74,43113,1,1,1,353,24,0,124392,60,0
41,28138,1,1,0,590,25,0,730634,1800,153
64,99324,3,0,1,851,26,1,406979,90,0
58,130792,7,0,1,392,34,1,257726,480,0
45,31150,7,0,0,553,30,1,274643,360,9
70,60393,2,1,0,324,3,1,109244,510,0
38,113023,6,0,1,669,24,1,163615,1800,0
69,30657,7,0,0,375,20,1,318208,1710,59
73,66332,5,1,1,371,36,1,272701,1380,5
20,34595,8,0,0,832,36,1,200368,570,7
76,27229,10,1,1,613,36,0,562831,1410,91
76,133940,7,1,0,493,15,0,284731,690,0
50,53761,8,1,0,634,28,1,233374,1680,15
45,43863,1,1,1,646,21,1,613422,1260,64
69,40681,6,1,0,646,0,1,489005,150,13
28,54930,2,0,1,677,10,1,264101,330,1
79,29797,6,0,0,659,0,0,160529,1020,14
36,44231,4,1,0,893,35,0,195123,960,7
22,64930,4,1,0,602,18,0,186882,300,0
59,102282,8,1,1,373,38,0,544851,360,0
73,58047,4,1,0,481,29,0,109251,1560,4
56,46779,0,1,0,852,18,1,513103,570,19
22,61935,8,1,0,469,13,0,748741,390,23
28,110783,2,0,0,893,28,1,758247,1170,5
51,37664,0,1,0,393,7,0,397470,1440,48
46,53026,7,1,0,715,3,1,283832,540,3
31,45963,1,1,1,482,3,0,216037,420,2
26,39431,2,0,0,622,18,1,454576,90,11
55,121344,1,1,0,862,15,1,208009,660,0
34,28034,2,1,1,617,10,1,512402,870,58
72,45596,10,0,0,632,14,1,270583,300,3
60,46841,1,0,0,712,35,1,474832,840,23
52,14580,9,0,1,891,6,0,120740,1560,46
23,62391,1,1,0,506,9,1,183746,1560,5
64,55019,9,1,0,634,28,0,134063,930,2
69,46168,4,1,1,709,5,1,184790,270,1
74,56296,1,0,1,388,36,1,147923,1530,6
55,68309,2,0,0,387,31,0,163070,180,0
66,37600,3,1,0,547,24,0,157358,780,6
60,52018,2,1,0,870,28,1,189361,1380,8
73,12519,9,1,1,499,18,0,104653,1590,48
47,106019,4,1,1,684,39,1,129173,300,0
52,42129,0,1,0,545,7,0,355713,1350,31
56,50772,6,0,1,356,22,1,383952,1500,29
66,46832,10,1,0,434,12,0,204972,1440,13
30,31007,10,0,0,588,20,1,439215,1650,74
43,59283,2,0,0,623,25,1,148775,780,1
55,19511,3,0,1,355,21,1,489906,600,57
70,31569,6,0,0,541,19,1,175418,1260,19
38,33723,1,0,1,353,22,0,133111,360,3
22,24027,9,0,0,335,26,1,264985,1080,34
40,42860,7,1,0,711,35,0,200996,450,3
39,114597,2,0,0,393,40,1,229358,1290,0
38,34805,3,1,0,369,3,1,176845,1410,20
69,50313,1,0,0,436,24,0,265525,840,6
53,101053,3,0,1,816,9,1,348065,1080,0
32,55385,6,1,1,440,16,1,165697,1320,5
33,76541,6,1,1,442,32,1,194105,1410,1
44,41949,7,0,1,638,31,1,554568,240,20
80,54844,8,0,1,790,14,0,104124,1680,6
40,59800,0,1,1,371,34,0,336477,720,4
34,25289,10,0,1,815,11,1,116483,1020,14
32,127976,6,0,1,314,34,1,556125,180,0
28,35353,1,0,1,415,4,0,322955,270,8
31,51371,3,1,1,704,31,0,409377,720,11
49,11053,9,0,1,371,5,0,106984,690,18
48,39990,4,0,1,682,23,0,205088,1050,11
60,48741,7,1,1,313,38,0,204122,540,2
63,77771,4,0,1,425,16,0,107849,1410,0
62,186516,7,1,0,546,30,0,178065,1080,0
26,40257,1,0,1,543,2,0,143932,630,3
33,22315,7,0,0,688,30,0,142048,1680,43
53,38419,3,0,0,445,8,1,277696,1350,26
45,62730,7,1,1,779,31,0,261714,1470,7
38,84881,4,0,1,400,26,1,175654,750,0
55,45578,3,1,1,544,16,0,242134,570,4
74,16352,10,1,1,831,31,0,134729,120,6
30,44470,1,0,1,649,8,1,160514,60,0
48,85501,3,0,1,636,35,0,173806,1050,0
50,49206,1,1,0,372,29,0,192210,30,0
48,62504,1,1,1,761,7,1,466671,420,4
79,31143,4,0,0,421,24,1,456018,450,27
29,96462,2,1,1,373,15,0,324147,1320,0
58,53178,9,1,1,704,40,0,176531,1410,7
69,46204,8,1,1,854,1,0,206691,300,1
70,53806,3,0,0,681,2,0,347081,1530,22
21,32065,2,0,1,380,25,0,107204,330,2
60,33596,1,0,1,887,36,1,194501,420,5
31,41135,7,0,1,556,6,0,491122,540,22
79,14832,10,0,1,866,34,0,250283,1020,44
42,39115,10,1,0,424,9,0,259401,870,12
78,69974,6,0,1,746,4,1,200033,1110,1
55,91873,5,1,0,590,27,1,446850,1020,1
67,86751,4,1,0,455,40,0,377486,810,0
62,37547,9,0,0,538,4,1,198802,1200,15
44,28347,1,0,1,611,36,1,163337,600,8
33,30639,9,1,0,683,12,1,124094,750,7
55,57692,8,0,1,725,14,1,101994,450,0
50,59837,7,0,0,318,0,0,158514,1110,2
79,27147,10,0,0,655,40,1,323504,270,13
73,24727,5,0,1,659,24,0,138316,30,3
32,63146,8,1,1,619,35,1,307829,1320,8
39,22239,9,1,1,356,14,0,265399,720,24
45,16562,5,1,0,465,39,1,145043,840,20
37,54130,9,1,0,545,1,0,117664,60,0
70,59981,1,0,0,543,38,0,255228,360,1
50,42368,9,1,0,690,30,0,264727,1590,27
64,15041,8,1,0,616,18,1,327198,1500,75
56,70313,9,1,0,513,30,0,291388,510,0
31,54895,8,1,1,707,27,0,188466,540,1
62,51545,3,0,1,401,6,0,266023,300,2
18,56143,6,1,1,451,9,0,353583,1020,9
43,51814,2,0,0,438,34,1,126030,990,2
73,59426,8,0,0,402,11,0,400387,1680,26
24,31415,0,1,1,343,0,0,174396,1260,19
42,68446,9,0,1,322,32,1,213283,1200,2
36,34378,5,0,0,544,32,1,161368,240,2
56,67950,9,0,0,882,7,1,361231,1320,8
65,32566,9,1,1,495,35,1,437809,1440,62
44,75172,4,0,0,778,13,1,401459,1560,9
39,52907,7,0,1,686,17,0,137531,780,1
46,64835,10,0,1,381,37,0,572287,630,11
33,69256,8,0,1,494,24,1,176262,90,0
59,10000,4,0,0,334,0,0,130671,30,8
55,100629,2,0,0,415,15,0,111198,1440,0
76,36874,6,1,1,531,35,1,176290,660,5
47,51487,10,0,0,660,10,0,396891,1170,19
61,35954,8,1,0,745,24,0,702002,810,73
73,51844,10,0,1,768,12,1,185606,1620,12
72,30618,0,1,0,434,6,0,191153,360,5
21,29073,9,0,1,370,24,1,105826,240,2
45,35401,5,1,1,504,0,0,221967,1080,16
53,116974,10,0,0,395,35,1,454218,1500,0
77,22275,9,0,1,893,6,0,336452,120,15
68,83747,4,1,0,823,27,0,511603,1020,4
79,33758,2,0,0,894,28,0,217776,1560,31
67,40613,2,0,0,881,4,1,168332,1800,24
57,36397,8,1,1,676,13,0,192757,1710,30
72,16272,5,0,1,513,18,0,603678,1050,102
50,39535,8,0,0,511,27,1,492539,960,40
39,96467,1,1,0,862,20,1,240072,1740,0
19,10000,10,0,1,440,9,1,275726,420,30
27,33418,6,0,1,750,20,0,300407,1500,42
48,76219,8,0,1,420,4,0,414897,240,0
38,43743,1,1,0,317,22,1,336547,420,7
23,45182,8,1,0,328,0,1,169194,840,4
30,18226,6,0,1,585,9,1,121998,600,12
33,88922,9,0,0,516,4,1,139208,360,0
58,32633,6,1,1,764,11,1,309156,1050,27
68,56117,0,1,1,819,2,0,255149,1350,9
73,92099,5,1,1,673,17,0,133130,540,0
25,27445,8,1,1,391,37,0,240839,60,5
51,94301,5,0,1,684,16,0,138968,660,0
78,133975,9,1,1,401,8,0,304651,990,0
72,40391,1,1,0,648,11,0,203925,960,9
19,53449,0,1,1,449,26,1,244939,150,1
37,61579,3,1,0,854,22,0,111014,690,0
47,21140,10,1,1,463,36,0,765525,870,117
74,10000,0,1,1,489,25,0,102612,1170,34
36,111240,9,0,0,308,6,0,114722,600,0
77,38463,2,1,0,544,0,1,248822,360,5
58,44897,1,0,0,846,2,0,194250,390,2
51,53792,1,0,1,861,33,0,170163,30,0
20,42442,8,0,0,800,11,1,173333,150,1
55,54095,9,1,1,686,31,1,128971,360,0
60,59271,8,1,0,863,8,0,331358,360,2
46,31072,9,1,0,584,18,0,203967,900,14
75,35327,2,0,0,334,31,1,248037,510,8
38,30673,3,1,1,627,32,0,145183,1200,16
56,50121,10,0,0,848,1,1,236953,570,2
76,54420,8,0,0,761,26,1,110064,1290,3
38,71498,10,0,0,557,29,0,115446,1230,0
75,62443,4,0,0,427,10,0,137569,1410,2
39,98873,8,1,1,829,33,1,105987,510,0
26,46072,6,1,0,560,25,1,225152,1500,17
42,70774,4,1,1,736,19,0,551037,1080,14
46,37439,7,1,1,551,24,0,111363,1320,11
41,68933,3,1,0,374,0,1,373471,1380,9
70,11021,3,0,1,787,29,1,209090,30,12
52,25189,6,1,1,620,20,0,311799,630,23
25,26385,9,0,1,838,16,1,132025,690,9
73,122445,4,0,0,453,33,1,541862,990,0
63,25268,6,0,0,767,33,1,298560,120,10
22,69166,6,1,1,899,10,0,126194,960,0
70,70362,2,1,1,500,19,0,132649,1080,0
35,97131,4,1,0,820,17,0,187294,1470,0
72,62794,0,0,1,573,26,1,196162,900,1
54,75499,4,1,1,310,26,0,740381,1740,56
78,26276,8,0,0,578,18,1,108610,210,3
29,31268,5,0,0,453,35,1,406529,120,14
52,22521,1,1,1,608,21,1,325785,750,32
61,36138,7,0,0,437,6,0,164279,270,2
48,81102,7,0,0,538,39,1,109779,300,0
44,47616,1,0,1,869,27,0,195347,810,4
42,58350,9,1,1,806,18,1,429945,1350,20
78,42406,5,1,1,614,3,1,365032,1020,21
63,18743,0,0,0,799,16,0,112299,1680,44
70,22242,3,1,1,567,37,1,302531,1290,52
55,34472,4,0,0,529,13,0,353683,360,12
53,61333,2,0,0,350,29,0,408477,990,9
77,38096,1,1,1,768,37,1,159778,1260,13
26,42191,4,1,1,772,1,0,541088,1680,74
46,16427,5,0,0,754,19,0,186296,1020,31
49,19067,6,1,0,503,13,1,112138,120,4
41,39002,9,0,0,529,4,1,109813,1350,10
67,30328,0,0,0,573,14,0,394165,1320,55
53,48811,6,0,0,813,4,0,367174,1650,35
70,80451,9,1,0,445,4,0,135800,870,0
69,42993,3,1,0,790,24,0,276414,390,4
67,70688,2,1,0,798,39,0,338505,450,1
38,39997,5,0,1,633,11,1,348692,540,11
59,86408,9,1,1,689,28,1,462102,1440,5
77,72716,5,1,1,434,21,0,419074,390,1
67,62226,0,0,0,425,0,0,344567,480,2
21,163734,4,1,1,802,16,0,515118,1320,0
49,73209,8,0,0,564,33,0,190258,1560,2
26,61405,5,0,1,555,29,1,304288,150,0
49,103856,3,1,0,791,29,0,121222,420,0
47,93234,7,1,1,432,34,1,230848,810,0
38,19213,1,1,1,560,3,1,429081,720,53
56,36880,5,1,0,313,27,0,167849,300,2
35,69542,6,0,0,324,25,0,162692,210,0
71,37150,7,1,0,373,12,1,220027,1680,31
56,28380,4,0,1,694,34,0,198531,270,6
42,17545,6,0,1,366,13,0,129228,240,7
29,43965,2,0,1,397,22,1,107765,1170,5
78,35924,10,1,0,819,28,0,177929,1560,24
35,43242,5,0,1,743,21,1,553873,810,37
24,63051,3,1,1,560,33,1,317477,30,0
34,74227,6,1,0,362,11,1,197485,330,0
48,23694,2,0,0,732,30,1,421275,30,19
38,64069,7,0,0,679,0,1,284576,1440,8
66,21459,10,1,0,452,21,1,208592,1260,36
41,76836,10,0,0,797,20,0,330944,930,1
68,65971,5,0,0,352,9,0,562929,1350,27
65,73191,8,0,0,400,4,1,284775,450,0
58,32943,0,1,0,895,40,1,305915,1170,31
75,68524,1,0,1,426,38,1,169862,1440,2
78,29102,0,0,1,495,7,0,178806,360,5
61,45018,10,1,0,704,22,0,127066,360,1
70,32910,6,0,1,529,19,1,279659,1110,25
54,41366,6,0,1,420,20,1,591457,1050,57
31,70874,0,1,0,596,12,0,126710,1590,2
59,35803,10,0,0,637,33,1,159873,900,8
47,165083,6,0,1,732,24,0,285408,1650,0
52,58591,10,0,0,868,6,1,494399,1590,37
73,19308,8,0,0,435,4,0,269280,960,37
72,59098,1,0,1,596,31,0,511745,870,15
74,40307,4,0,1,779,38,1,316245,1020,18
80,36258,3,0,1,369,38,0,281806,1770,46
79,73888,1,0,1,693,11,1,224235,1530,3
47,67997,6,1,0,503,17,0,264423,570,0
61,41426,6,0,1,599,26,0,149006,660,3
74,37701,5,1,0,555,25,1,155234,1770,26
63,21480,5,1,1,893,4,0,300355,330,17
71,41674,1,0,1,892,32,0,270357,1530,27
53,78645,3,1,0,814,8,1,570087,1470,18
62,71950,2,1,0,381,39,1,335950,1530,7
23,122145,7,1,0,695,32,1,164078,150,0
80,112027,7,0,0,820,1,1,667639,1530,4
60,27014,7,1,1,371,19,1,125868,1320,21
73,61143,3,0,1,415,38,1,351601,870,5
64,40882,10,0,0,338,7,0,734212,1320,93
28,20400,2,1,1,333,16,1,286584,1410,57
18,62096,3,0,0,760,36,0,141108,1770,6
19,61040,10,0,1,750,28,1,145981,900,1
38,47006,1,0,1,396,39,1,101982,690,1
56,45129,10,1,1,840,24,1,214172,1650,20
60,24794,3,1,0,457,29,1,111675,240,3
67,46200,3,1,0,735,8,0,106746,30,0
64,118000,8,1,1,435,14,1,136428,1680,0
46,61084,1,0,0,819,22,0,113007,1620,4
75,40029,3,1,0,477,32,1,367990,1590,46
29,43872,1,1,0,756,40,0,411813,1590,47
70,107810,5,0,1,519,30,1,180589,510,0
55,86868,10,1,1,658,4,0,201744,990,0
47,28694,0,0,1,614,10,0,377103,1320,55
65,111535,0,1,0,691,14,0,157606,480,0
46,59768,10,1,0,733,0,1,130020,90,0
35,26682,10,1,1,850,5,0,143946,690,9
24,176499,9,1,1,504,10,1,194155,1770,0
79,63110,9,0,1,799,26,1,142810,1020,1
72,31942,7,0,1,556,33,1,146893,930,10
27,69425,10,0,0,517,19,0,101899,90,0
79,67089,6,0,0,314,34,0,104699,150,0
45,25358,1,1,1,425,25,1,267146,1260,40
33,45772,7,0,0,331,15,0,558616,180,15
61,18181,3,1,1,736,39,1,123182,630,12
78,38933,0,0,0,814,18,1,425213,1740,63
22,45792,0,0,0,357,32,0,349048,390,6
38,41259,4,1,0,535,5,0,267021,780,9
37,71701,3,0,0,590,15,1,607693,1050,17
58,42583,5,1,0,632,0,0,379533,1440,37
41,18119,4,1,0,884,4,0,117225,1170,25
71,39021,9,1,1,764,18,1,197471,180,2
37,116202,7,1,0,756,17,0,327343,150,0
76,67878,7,1,1,370,24,1,160382,120,0
31,46377,9,1,1,424,25,0,264255,1530,21
53,63544,2,0,0,891,39,1,319807,690,2
28,66124,1,1,0,516,32,0,378111,150,1
67,42230,5,0,0,751,24,0,256326,750,8
80,45678,10,1,1,354,34,1,428053,1290,34
47,78199,3,1,0,663,1,1,395471,960,2
32,30940,8,0,1,435,34,0,253051,120,5
35,55245,0,1,1,407,40,1,200557,1590,10
44,68682,9,0,0,820,25,1,409351,690,3
65,37963,6,1,1,409,13,1,615020,1080,66
68,82829,8,0,1,309,6,0,134685,1650,0
68,57249,8,1,1,804,18,0,364443,540,4
42,95682,6,1,1,589,23,1,317511,1020,0
56,44518,1,0,1,389,28,1,105125,450,1
41,52661,3,1,1,756,29,1,437436,150,4
49,112454,6,1,1,746,7,1,147727,1140,0
27,59164,0,1,1,496,10,1,287372,510,2
40,40486,1,1,1,331,5,0,303923,780,12
59,57929,3,1,1,753,3,1,279487,90,0
54,24692,6,0,0,359,17,0,388089,630,33
67,63058,4,1,0,649,7,1,107086,1740,4
60,89822,3,0,0,771,39,1,767696,810,11
77,70523,2,1,1,768,20,0,337182,1320,6
27,78408,4,0,0,386,29,1,213223,360,0
24,79386,3,0,1,683,7,0,323641,540,0
19,29706,9,1,1,658,21,1,461989,1680,80
37,72151,10,1,1,430,31,1,239713,1140,1
50,49783,2,0,0,371,21,0,220063,750,3
64,31763,1,0,1,731,6,1,359383,750,24
72,53724,7,1,1,434,3,0,198198,630,2
34,73136,2,1,0,689,32,1,142968,540,0
40,46614,5,0,0,768,35,0,103647,90,0
57,67243,4,0,1,832,13,1,244808,360,0
49,10000,4,0,0,753,8,0,402392,810,66
68,42988,10,0,1,713,8,0,105323,510,1
57,45141,4,1,0,738,6,0,287338,1620,28
18,34124,0,1,1,486,16,0,205086,660,8
77,43161,6,1,1,853,14,0,518383,570,24
40,47655,8,0,0,868,35,1,441271,300,8
76,59086,9,1,1,318,8,1,141271,90,0
45,76371,3,0,1,729,11,0,209819,840,0
78,39377,4,1,1,884,15,1,191926,1230,14
45,39346,9,1,1,370,24,0,180561,1800,28
30,38651,4,1,1,848,0,0,122631,270,1
52,55917,9,1,1,732,6,0,256561,1560,13
33,11859,7,1,1,541,4,1,183859,1440,56
30,36247,8,0,1,319,14,0,239381,750,10
41,64991,4,1,0,482,14,1,387917,450,2
61,82400,7,1,1,862,35,0,152903,300,0
56,52599,2,0,0,357,32,0,470091,1320,31
56,60821,3,0,1,817,29,0,157024,120,0
49,53832,0,1,1,642,16,1,408889,180,3
42,53504,0,0,0,827,18,1,417163,60,3
71,52773,10,1,1,828,33,1,701897,450,31
33,94845,1,1,1,862,24,0,101294,930,0
50,20756,7,0,0,853,27,0,159765,690,14
74,83591,1,0,0,638,21,0,125946,1650,0
69,146348,9,0,0,428,2,0,529458,360,0
45,31696,7,0,0,797,5,0,307297,300,10
36,51921,1,1,1,480,9,1,214931,240,1
48,72130,3,0,0,304,38,1,210447,1200,1
25,124983,0,1,1,594,35,0,311239,1530,0
62,27186,10,0,1,781,0,0,181433,870,15
71,150141,3,1,1,713,39,0,126336,1200,0
46,32001,1,0,1,557,10,0,153910,270,3
39,37286,3,0,0,530,16,1,127840,1740,22
47,61504,10,0,0,836,27,0,284475,1740,14
59,16963,5,1,0,555,11,1,404413,720,52
41,88546,6,0,0,698,5,0,313341,210,0
43,86246,4,1,0,605,1,0,485312,1560,8
62,73955,9,0,0,879,38,0,179744,930,0
72,88593,2,0,1,351,29,1,325288,1200,1
27,172568,7,0,0,343,28,0,654678,690,0
38,70553,10,1,0,397,8,0,276776,360,0
42,60519,2,0,1,470,11,1,118890,1110,1
61,39942,0,1,1,583,21,1,143355,570,3
66,54876,9,1,1,397,16,0,169011,930,2
72,52980,8,1,1,569,6,0,163516,600,1
56,53088,6,0,1,867,18,0,127065,120,0
27,15868,1,0,1,661,8,0,351138,270,27
50,66310,3,0,1,600,3,1,356514,840,3
24,60849,5,1,1,899,11,1,400791,540,4
42,38311,6,1,0,470,33,0,157991,330,2
75,109255,10,1,1,446,8,1,133449,600,0
62,67788,3,0,0,831,9,0,504400,510,5
78,46911,0,1,1,321,38,0,150153,1680,14
19,57480,3,0,1,784,7,1,269566,240,1
19,16352,7,0,1,302,7,0,133462,990,23
79,131810,8,0,1,607,32,1,140418,1740,0
51,40906,2,1,1,547,12,1,316296,180,4
32,26241,9,1,1,590,31,0,324009,780,28
34,34681,4,1,1,716,31,0,133178,720,5
73,25483,2,0,0,791,40,0,357701,750,32
75,51329,8,0,1,832,14,1,481112,1080,26
20,91202,5,1,1,553,25,1,265699,30,0
21,58558,3,0,1,895,30,0,321896,540,2
70,55059,0,0,1,335,14,0,203719,1470,8
23,82059,7,0,1,843,30,0,189728,930,0
48,42870,2,1,1,534,30,1,169187,1530,15
68,55062,0,0,1,503,18,0,139345,1290,4
50,54732,8,1,0,451,8,0,131024,1440,5
37,38149,6,0,1,551,27,0,388305,510,15
34,47564,5,0,0,847,5,0,586458,1410,61
33,22163,5,0,0,315,16,1,377360,180,20
77,44806,7,0,0,731,39,1,354229,1020,18
80,32941,5,0,1,839,32,0,157683,930,10
53,123245,10,1,1,878,16,1,250291,480,0
78,116503,10,1,1,438,8,0,357523,210,0
64,76600,0,1,1,800,40,1,224277,1470,2
24,41560,1,0,0,322,40,1,178117,210,1
70,24254,4,1,0,372,13,0,166250,270,6
67,34717,2,0,1,539,39,0,192796,600,6
44,70418,9,0,1,490,6,1,103027,1320,1
49,75327,10,0,0,516,2,1,155591,570,0
65,18692,6,1,0,404,21,0,391002,300,30
59,16410,2,1,0,470,18,0,493012,990,77
60,137355,2,1,1,336,3,0,254243,1620,0
34,37002,5,1,1,456,5,0,183100,1680,27
57,16912,0,1,1,340,14,1,325789,1350,66
77,50868,6,1,1,734,19,1,282768,1110,10
80,120347,10,1,1,658,37,0,132478,1560,0
18,44842,8,1,0,792,36,1,284569,510,5
52,11189,10,1,0,631,40,1,214599,1620,69
27,23752,8,1,0,764,14,0,255206,1440,48
72,57496,1,0,1,400,2,1,140604,1590,6
39,53741,1,0,1,766,23,0,107941,1770,8
40,12453,1,1,0,808,14,1,145766,690,20
58,51213,10,1,0,702,35,0,118331,1530,7
38,69610,8,1,0,888,7,1,231157,1380,3
56,67349,5,1,0,784,32,1,108840,1050,0
30,39042,7,0,1,647,17,0,219113,210,2
60,58816,5,1,1,679,16,0,366916,600,4
74,51366,10,0,1,308,16,1,582411,1380,54
47,46925,7,0,1,699,17,0,252219,90,1
32,78638,7,0,0,540,23,0,132417,1230,0
55,27522,7,1,1,335,5,1,300854,1500,52
65,72591,9,0,0,566,2,1,114070,1560,1
60,72807,2,0,1,862,12,1,784885,600,22
28,45244,4,0,0,689,36,0,110667,1110,4
25,69237,4,0,1,508,29,0,421811,570,2
53,52737,4,1,1,687,40,1,131054,1590,8
20,73780,5,0,1,761,25,1,428817,270,1
78,76257,7,0,0,627,38,1,161959,1380,1
37,55357,2,1,1,358,27,0,265487,120,0
61,65055,0,0,0,631,15,1,418525,690,4
53,54257,4,1,1,561,26,0,107989,180,0
70,66095,9,0,0,786,28,0,152580,1260,2
66,93644,10,1,1,725,38,1,151737,600,0
21,103757,2,1,0,518,35,1,269679,30,0
47,133243,5,1,0,463,17,1,138551,1470,0
64,60022,1,0,1,400,36,0,220746,750,1
78,24933,1,0,1,379,18,1,217882,780,18
53,31670,5,0,0,824,32,1,134801,1590,24
35,38775,1,1,1,449,8,1,124973,210,1
33,43067,8,1,0,701,6,0,110355,690,2
70,65315,8,0,0,891,32,0,170218,1560,4
69,57509,9,1,1,814,11,1,119751,30,0
45,10000,3,0,0,383,18,0,163578,540,21
57,84088,6,0,1,843,30,1,260221,210,0
79,131505,8,0,0,780,4,0,236522,1260,0
61,62514,2,1,0,634,6,0,158927,1350,3
52,21841,3,1,1,513,24,0,159347,540,11
42,85267,4,1,0,398,40,0,775285,930,17
73,15698,7,1,1,666,3,0,778717,750,123
21,35189,7,1,1,499,20,0,210005,270,4
60,101860,2,1,0,715,24,0,193940,240,0
21,48042,9,0,1,376,19,1,178220,1080,6
45,17257,10,0,0,427,26,0,171162,300,10
65,53238,7,0,0,457,24,1,166126,990,3
51,64043,3,1,1,801,14,1,293104,450,1
19,58934,9,0,1,531,29,1,112840,360,0
77,70832,6,1,1,683,16,0,330799,180,0
49,64317,0,1,0,386,13,0,148809,750,0
34,23583,1,0,0,819,33,1,230949,210,9
32,25440,10,0,0,562,33,1,228797,1500,44
72,40396,1,1,0,558,29,1,104536,210,1
41,61859,10,0,1,634,17,1,596022,660,15
59,49688,3,0,0,614,1,0,187778,1470,11
28,45222,5,0,1,632,18,1,109109,330,0
48,85823,4,0,1,636,10,0,101617,150,0
35,24136,8,1,0,544,2,0,150863,30,3
59,85847,10,1,0,549,24,1,358170,150,0
36,29131,9,0,1,303,7,1,325334,690,22
61,85654,6,0,1,778,0,1,174391,810,0
28,22765,1,0,1,453,18,1,147087,60,4
24,33879,2,0,0,640,23,0,466324,1440,64
58,43496,1,1,1,671,4,0,410900,750,18
34,48543,8,1,1,619,28,0,239115,390,2
18,32351,10,0,1,584,13,1,125951,1470,19
31,27988,5,0,0,555,40,0,246631,1410,38
22,37951,9,0,1,765,20,1,239571,150,3
79,57374,7,0,0,664,4,0,299258,840,4
60,72474,9,1,0,823,6,0,351548,120,0
51,58912,6,0,0,641,37,0,381651,1140,11
68,33458,4,1,1,698,24,1,204087,330,5
26,93930,4,0,0,429,8,0,678185,1530,15
20,36062,5,1,1,882,8,1,202026,540,6
36,28077,2,1,1,647,18,0,252755,1620,48
77,37919,2,1,1,877,12,0,531002,1530,73
79,63640,4,0,1,556,33,1,256213,510,1
37,48045,2,1,1,532,17,1,214573,1530,15
65,50630,5,1,1,588,25,1,129371,480,1
49,11446,4,0,1,521,27,0,136073,750,22
45,64479,3,0,0,540,26,0,115512,1380,2
77,39631,5,0,0,535,30,1,237070,240,3
21,25978,10,1,0,602,34,0,128917,1650,33
55,20412,6,0,0,444,15,0,209441,630,17
19,39687,10,0,1,307,13,1,751872,420,58
34,54170,0,0,0,684,13,1,361907,1620,26
41,22649,1,0,0,447,16,1,206319,150,7
79,42924,5,1,0,808,1,0,158194,390,2
72,48448,2,0,0,792,22,1,495273,810,23
41,57781,5,1,0,611,28,1,218629,1650,10
29,53358,6,1,1,826,21,1,137804,990,2
48,41932,2,1,1,794,11,1,352081,600,11
50,43653,9,1,0,459,14,0,343836,1620,38
43,24343,7,1,1,334,34,0,137559,240,5
47,45737,7,1,0,680,9,0,168679,150,1
69,30093,3,0,1,647,12,1,200609,780,12
40,59382,6,1,1,326,37,1,303977,840,4
21,70776,4,1,1,533,12,0,269805,30,0
60,119466,2,1,0,319,10,1,220951,1350,0
78,127026,6,1,1,696,34,1,314550,90,0
79,43980,6,1,0,435,3,1,256202,1800,31
72,29089,4,0,1,791,35,0,181158,1230,22
48,37393,1,1,0,610,14,0,352904,1380,39
56,74070,2,0,0,684,1,1,107069,480,0
52,26308,2,0,0,405,15,0,106879,120,2
61,125612,1,1,1,805,7,0,314062,1710,0
32,102829,5,0,0,381,30,0,110443,1440,0
26,83003,5,1,1,580,20,0,253477,1470,1
58,53329,2,1,0,759,4,0,129044,390,0
33,24041,9,0,1,593,25,1,386284,1050,52
55,50298,8,0,1,714,27,0,221078,1470,12
31,49325,2,1,1,488,38,0,141080,300,0
72,88258,2,0,1,346,21,1,466081,1020,2
54,31738,5,1,1,380,37,1,228462,930,16
30,64630,6,1,1,771,6,0,272835,1230,4
64,85843,5,1,1,401,37,1,117238,540,0
64,23757,9,0,1,318,38,0,287951,210,12
41,87357,5,1,0,318,13,1,131834,360,0
27,85091,6,0,0,388,9,1,428554,660,1
71,47335,6,0,0,667,12,1,307813,1770,33
56,56665,3,1,1,589,34,0,105478,1500,4
20,110100,4,0,0,503,3,0,350183,1440,0
36,68771,6,0,0,751,32,0,361375,60,0
23,61082,3,0,0,586,23,1,176814,90,0
54,66527,9,0,0,384,18,1,158756,1590,3
71,25798,9,1,1,368,40,0,251977,840,22
42,11253,6,1,0,399,11,0,515021,330,61
24,16607,2,0,0,477,33,1,545349,1140,94
40,55285,4,0,1,808,16,0,253849,270,1
70,47073,6,0,1,338,8,0,162747,930,4
29,97313,6,1,0,348,5,0,271580,450,0
74,52107,10,1,0,820,11,0,202938,120,0
33,274770,7,0,1,728,17,1,286464,1320,0
57,56955,8,0,0,896,9,1,123192,1590,5
70,21097,4,0,1,790,19,0,133447,690,12
49,34996,6,1,0,779,6,0,284370,1350,31
76,68005,9,0,0,650,25,1,204382,930,1
39,40668,6,1,0,711,1,0,227329,1740,30
68,75321,7,1,1,792,37,0,418576,210,0
46,33665,9,1,0,303,35,1,212412,1800,41
56,57476,10,0,1,864,13,0,293218,1680,17
80,74133,10,0,0,544,19,0,364788,1440,7
76,24244,6,0,1,452,23,0,658933,810,84
22,70230,5,0,1,317,6,1,358151,90,0
23,30277,8,0,1,754,35,0,111907,540,4
29,323662,8,1,0,376,15,1,357749,600,0
60,80236,3,0,1,628,15,0,472007,330,1
36,69911,9,0,0,610,9,0,123457,690,0
71,50082,5,0,1,768,11,0,410735,1740,44
61,74603,5,0,0,588,30,0,176002,1200,1
32,71810,3,1,1,450,33,1,110689,1350,1
42,22076,10,1,1,844,9,1,369913,180,19
78,40259,9,0,0,711,18,0,409409,180,9
71,23141,0,0,0,795,17,0,397279,1740,83
56,43207,0,0,1,470,10,1,664001,60,25
55,124121,0,0,0,561,6,1,177069,570,0
36,27575,8,1,0,442,34,1,258512,1140,30
77,36495,5,0,0,511,27,1,267356,570,9
80,98487,5,0,1,312,28,0,386589,1260,0
35,47941,5,1,1,732,28,0,176317,1530,12
30,63174,7,1,0,594,30,0,244860,870,2
35,155058,10,1,1,601,27,1,202728,240,0
79,31782,6,0,1,850,32,1,421800,540,25
33,45201,0,1,1,744,3,1,344471,1410,28
48,61417,10,1,0,378,25,0,129046,690,0
57,35886,6,0,1,484,34,1,130046,1350,14
30,26555,3,0,0,857,3,0,110513,90,2
69,28248,4,1,1,745,23,0,349369,60,11
62,33830,4,0,1,646,34,0,397778,390,16
72,66092,6,0,1,471,36,0,400299,1770,21
78,44062,7,1,1,876,29,1,179172,1080,7
69,28443,0,1,0,733,40,1,409148,1590,71
42,50846,6,0,0,665,38,1,133753,1650,9
29,30794,5,1,1,598,1,1,241570,1590,41
40,14206,8,0,0,483,7,0,476636,120,42
62,52018,10,0,1,419,17,1,254354,1740,20
30,12033,6,1,1,674,1,1,327397,450,36
76,24486,8,0,0,535,30,1,138406,480,7
47,54455,8,0,1,836,21,0,213188,1140,5
77,52250,6,1,1,514,39,1,334785,1620,25
29,47098,1,0,1,606,11,0,169469,30,0
67,84801,4,1,1,873,26,1,123189,1650,0
50,39131,10,0,1,898,2,1,370968,1290,36
55,47650,3,0,1,357,26,0,218167,750,4
31,59946,9,0,1,835,24,0,152796,1560,5
49,32318,10,1,0,596,26,0,388613,1140,43
80,63651,9,0,0,475,20,1,186048,1140,2
23,106539,8,0,1,588,36,0,115079,1710,0
46,131020,2,1,1,826,38,0,638058,1650,1
51,12186,10,1,0,646,0,0,209717,1680,69
32,88087,10,0,1,451,21,1,252313,1290,0
55,53645,9,1,0,890,4,1,211069,1290,7
45,76801,2,0,1,395,28,0,557430,1080,10
27,113560,0,0,1,780,2,1,148353,1680,0
54,140010,10,0,0,590,8,0,148023,750,0
24,57085,4,1,1,426,35,1,151964,1380,4
24,31142,5,1,0,667,13,1,448220,1560,72
42,325927,3,1,0,511,21,1,141308,450,0
34,26984,10,0,0,355,31,1,284897,1620,55
44,15811,1,1,0,463,8,0,224190,1380,53
50,47396,3,1,1,584,8,1,121065,1080,4
62,103794,6,1,0,376,1,1,323520,660,0
50,22383,5,0,1,543,33,1,222183,1110,31
58,25523,3,1,1,829,21,0,134753,1050,16
58,15845,8,1,1,893,18,1,230359,1470,58
60,16535,0,1,0,702,20,1,517784,1620,115
55,76919,2,1,0,814,0,0,239561,1440,2
80,56892,0,0,1,593,30,0,525839,840,18
48,118604,2,0,1,527,15,1,137807,1440,0
56,38195,5,0,0,729,29,1,734423,1290,96
19,67991,5,0,0,310,26,1,253149,1230,3
34,113625,3,0,0,420,19,0,134655,1320,0
60,97169,7,0,1,567,37,0,155266,1650,0
73,64577,6,0,0,633,10,0,269441,1200,4
47,30059,4,0,0,535,32,0,419860,300,20
56,102712,3,0,0,567,37,0,438783,1080,0
34,54815,0,0,1,806,11,0,170616,1110,3
25,50766,7,1,0,761,4,1,396311,1560,33
39,83003,3,1,0,717,32,0,295399,450,0
39,115634,8,1,1,473,10,1,234118,1290,0
24,77702,10,1,0,876,38,0,100197,390,0
46,77918,9,0,0,839,13,1,221669,390,0
63,57195,5,1,0,344,20,0,165152,1260,4
30,250767,7,0,0,424,17,0,641612,1290,0
23,24994,10,1,0,514,32,0,391657,1110,54
37,99696,3,0,0,434,24,1,188238,780,0
23,34297,7,0,1,635,24,1,358198,210,10
49,62054,7,0,0,783,3,1,290565,1680,13
23,30944,3,0,0,702,17,0,238904,630,11
18,52048,6,0,0,492,22,0,174372,1170,5
73,35770,5,1,0,687,4,1,240820,1440,28
24,23118,0,1,0,427,8,0,130563,1080,19
59,65521,0,1,1,324,2,0,276719,1770,11
20,58722,3,0,1,591,25,0,356278,450,2
73,62793,8,0,1,495,6,1,277007,1680,11
18,43205,9,0,0,867,16,1,122487,600,2
23,48589,5,0,1,587,7,1,328011,1680,31
37,66289,2,1,1,644,15,1,613406,870,18
23,66085,7,0,0,794,14,1,331849,960,3
35,62270,10,0,0,597,6,1,209021,510,0
24,90633,7,1,0,316,15,0,414417,660,0
44,55936,7,0,1,604,10,1,405673,750,8
39,34638,7,0,1,824,34,0,587277,450,42
42,47216,6,1,1,697,35,0,535886,1110,42
22,107109,1,0,1,406,15,1,180614,1440,0
25,50968,8,0,0,485,5,0,267329,690,4
34,33427,10,1,1,836,28,1,357174,1050,33
50,28280,3,0,1,394,40,0,364228,330,17
35,80817,5,1,1,856,32,1,406530,1080,2
66,82367,5,0,0,384,16,1,125054,1440,0
33,56360,10,1,1,439,37,1,111770,480,0
46,39310,7,0,0,694,11,0,219210,1440,21
37,44746,10,0,1,437,39,1,543423,390,20
30,46975,5,1,1,774,15,0,140645,1500,10
77,159964,4,0,0,635,37,0,238354,960,0
53,25639,8,0,1,373,30,0,620061,450,60
51,43764,2,0,0,823,0,0,197684,1710,22
65,17039,8,1,1,789,35,0,137791,1800,55
18,75585,5,1,0,526,37,1,378880,1500,7
20,47150,9,0,1,400,23,0,516280,1080,37
54,25172,2,1,1,608,0,1,406263,1140,57
59,23326,7,0,0,421,21,1,341956,1140,50
18,37298,7,0,0,795,36,1,297820,1230,26
30,115411,4,0,1,785,30,1,107926,1230,0
61,117782,3,1,0,682,10,0,207647,120,0
24,25005,7,1,0,542,22,0,274883,1440,49
31,30366,0,1,1,767,17,0,209810,510,8
28,67029,5,0,1,503,35,0,128385,1740,3
72,95125,3,0,0,489,24,1,130022,90,0
24,116893,5,1,0,845,22,1,181498,180,0
78,44915,2,0,0,446,22,0,465299,1290,42
28,25422,5,1,0,560,0,1,162258,90,4
65,25216,6,0,1,480,17,0,363119,780,35
40,96480,5,1,1,699,13,1,176836,360,0
74,27083,7,1,1,802,25,0,131324,660,8
27,54293,3,0,0,539,26,0,721345,480,33
68,67914,3,1,1,820,0,0,114119,390,0
55,86124,9,1,0,389,19,1,259159,750,0
69,34530,2,0,0,704,27,1,191658,630,7
41,143318,2,0,0,370,24,1,326646,270,0
40,87824,10,0,0,380,30,1,315795,1560,2
40,47336,1,1,1,758,40,0,220732,180,1
33,17112,10,0,1,443,1,1,315191,210,20
57,47443,7,1,1,363,24,1,372229,1470,31
30,25720,2,1,0,887,7,1,142209,1500,30
48,106636,0,1,0,635,11,1,356790,570,0
54,56934,3,0,1,519,39,1,534542,780,17
53,95248,0,0,0,593,32,0,207810,570,0
60,17611,0,0,1,822,33,1,399179,1350,76
24,34698,2,1,0,379,12,1,123439,1050,9
33,30992,2,0,1,826,10,0,237649,450,8
80,48420,6,0,1,510,28,1,122086,1560,9
44,70571,3,0,1,787,15,1,173419,210,0
44,63392,2,1,0,548,36,1,290415,210,0
67,75995,1,0,0,529,21,1,259769,540,0
20,101985,7,1,1,792,8,0,194279,600,0
56,40964,4,0,1,494,3,0,134953,60,0
35,11249,0,0,0,867,23,1,354133,990,64
31,47935,4,1,0,398,38,0,243303,1020,8
68,88604,5,0,1,446,13,0,336657,960,0
68,24933,4,0,0,537,32,0,241862,900,23
38,55642,9,0,1,730,17,1,110137,270,0
65,44443,9,0,0,812,2,0,483652,1080,36
63,15439,4,0,0,813,11,1,306879,1560,74
39,41953,9,1,0,614,10,0,476397,690,24
28,64453,0,0,1,900,25,0,618340,810,19
65,29904,6,1,0,310,18,1,131324,570,6
33,126678,10,0,1,452,15,1,210190,120,0
39,50124,0,0,1,620,19,0,359540,540,6
46,65777,5,0,1,709,28,1,133627,270,0
41,67327,6,1,0,562,28,0,208525,270,0
61,64319,7,0,1,517,7,0,196200,60,0
21,29736,0,1,0,900,40,0,340973,1380,50
27,54176,5,0,1,374,35,1,230225,210,0
74,23695,7,0,1,537,23,1,166489,1680,44
73,63501,7,0,1,633,32,0,188125,1560,5
71,77388,7,0,0,797,6,0,268707,750,0
63,92254,10,0,1,381,23,1,275147,1110,0
34,81367,10,0,0,373,8,0,132690,540,0
50,42173,10,1,1,881,1,0,154791,570,2
67,54400,0,0,1,408,20,0,297296,1110,8
31,29166,9,0,0,725,14,0,304227,1530,51
22,31665,4,1,1,525,32,0,428822,420,23
32,88052,9,0,1,498,11,0,444920,1440,4
27,57591,0,1,0,633,18,0,344143,1590,19
79,60185,2,1,1,865,37,0,132968,240,0
80,36066,1,1,0,469,32,0,331446,1650,49
46,50985,10,1,0,549,22,0,233274,300,1
80,40273,6,0,1,362,33,0,115296,1740,18
26,39422,3,1,0,554,9,0,280203,480,7
27,52584,7,0,0,471,40,1,512403,990,26
62,23275,2,0,1,325,3,0,451142,1170,68
77,101517,5,1,1,307,33,1,168652,30,0
79,46818,1,0,1,822,16,1,639388,510,33
48,55992,1,0,0,826,38,0,261531,1050,5
26,90159,8,0,0,501,10,1,656774,720,4
34,29468,10,1,1,306,38,0,443783,1560,73
60,40819,2,1,1,381,26,0,143551,60,1
74,16263,4,1,0,333,29,1,371890,1650,87
44,103037,9,1,0,306,25,0,479367,1410,1
41,21727,8,1,1,745,9,1,155021,1650,44
48,18542,3,1,0,342,27,0,309444,330,21
72,147278,6,0,0,445,22,1,247380,1410,0
67,29565,7,0,1,576,28,0,136665,540,6
29,65430,1,0,1,555,7,1,165798,690,0
76,101875,0,0,0,666,16,1,306017,1470,0
31,35769,9,0,0,462,4,1,174349,510,4
30,174864,2,0,1,418,16,0,110541,1440,0
77,71539,6,0,0,444,21,0,148706,1080,0
52,35929,7,1,0,876,35,0,112908,600,3
31,60181,8,0,0,845,20,0,170559,1800,8
21,15403,0,1,0,669,30,0,111836,1200,29
54,44132,0,1,1,778,38,0,717240,210,37
20,52332,8,1,0,790,2,1,378098,1170,17
78,74646,10,1,1,409,27,1,236837,1620,3
49,30804,3,1,0,433,31,0,353551,30,9
77,93596,10,0,0,434,34,1,251008,120,0
54,86529,10,1,0,560,35,0,276820,1740,2
30,49633,7,1,1,347,16,0,121955,1290,5
42,33992,7,0,0,521,40,1,134917,540,4
37,64491,10,1,0,733,24,0,109207,1320,1
57,33531,10,0,0,376,39,0,330068,1470,46
74,87266,3,0,1,534,36,1,227997,90,0
20,96683,10,1,1,775,19,1,326731,1020,0
39,79309,10,0,1,586,24,1,257445,1020,0
38,31535,3,0,1,318,29,1,118203,900,8
35,50949,5,1,1,310,25,0,108099,480,0
40,47348,6,0,0,509,36,1,268558,1440,18
45,38119,0,0,1,411,20,1,609290,120,27
29,41063,3,0,0,865,18,1,278520,1560,30
66,121279,4,1,1,591,40,1,208996,660,0
25,84551,9,0,0,576,5,0,123867,1440,0
34,73602,8,0,0,404,3,0,276419,1500,4
56,44203,9,0,1,484,3,1,227902,120,1
36,60421,0,1,0,681,33,1,305712,1410,10
75,40166,7,1,1,710,1,0,560188,90,18
24,47147,7,0,0,698,0,1,481803,1290,40
26,65456,7,0,1,573,17,0,536531,300,5
60,49167,6,0,1,698,40,0,103757,1290,4
39,84196,7,0,1,797,2,1,266168,270,0
38,114843,4,0,0,442,2,1,176197,480,0
49,55802,7,0,0,800,2,1,215067,270,0
68,19248,7,0,0,475,18,1,192707,930,25
47,113510,0,0,1,829,20,1,336972,1200,0
43,131497,9,0,0,770,9,1,144678,570,0
39,64406,9,1,1,879,5,1,365009,360,1
55,58585,4,1,1,401,22,1,444606,990,13
70,25950,3,1,0,378,2,0,652111,810,80
79,58212,7,0,1,875,16,0,175367,840,1
54,26123,4,1,1,785,8,0,268600,600,17
23,17619,4,0,1,804,17,1,156127,1410,41
64,84482,8,0,0,345,9,0,129446,420,0
52,35371,10,0,0,349,1,0,115116,1290,12
47,86599,2,1,0,366,37,0,241269,1230,0
58,42988,1,1,1,659,25,1,550580,1290,58
39,190159,2,0,0,508,15,1,478839,330,0
22,67641,9,0,1,409,14,1,333865,1650,11
41,60974,6,1,0,583,5,0,338765,1050,7
57,10000,10,0,0,521,7,1,291577,360,30
63,55329,0,1,1,445,40,0,221970,330,1
22,78587,6,1,1,326,39,0,254327,1800,4
56,20604,8,0,0,870,1,0,481490,810,61
48,159674,0,1,0,811,17,1,641799,750,0
79,31986,5,1,0,778,4,1,354276,150,10
63,24717,10,1,1,606,17,0,212117,150,6
58,70741,8,1,1,851,30,0,533007,1650,27
23,233759,9,0,0,767,22,1,200474,1020,0
31,108441,1,1,0,789,30,1,130706,1290,0
31,94067,6,0,1,705,28,1,206148,600,0
20,57974,4,1,0,466,12,1,263391,180,0
22,45320,10,0,1,756,16,0,219900,930,7
30,66505,6,0,0,353,28,1,279794,1500,7
34,36235,7,0,0,425,6,1,283431,1200,24
58,62955,9,0,1,392,4,0,123515,270,0
46,87793,8,0,1,706,20,0,275883,690,0
32,85335,4,0,0,422,23,0,135504,90,0
79,69717,3,0,0,335,7,1,196538,1260,2
27,55740,6,1,0,533,7,1,417284,900,12
26,48812,2,0,1,458,34,1,206695,300,1
62,107029,0,1,1,430,8,1,587988,1380,2
34,39807,8,1,1,638,22,0,153177,1170,10
45,10278,0,0,1,317,10,0,295453,870,52
80,35175,4,1,0,464,19,1,128628,1470,17
71,31989,5,0,1,678,2,1,185579,1680,34
62,54684,5,1,0,828,27,1,286710,1440,13
65,161173,2,0,0,362,10,0,201694,450,0
78,41597,3,0,0,319,31,1,137797,330,1
69,39442,6,1,0,544,11,1,158069,150,1
33,37013,6,0,0,321,28,1,199511,720,7
37,60330,2,0,1,675,34,0,258463,1020,3
19,85713,9,0,0,665,19,1,654549,330,2
62,106954,5,1,0,510,16,0,213787,90,0
66,12974,5,1,1,794,31,0,279600,480,29
25,65013,2,0,0,633,30,1,155824,780,0
24,84959,3,1,1,836,28,0,100035,750,0
70,37450,7,1,0,370,39,0,133343,180,1
74,77674,10,1,0,852,18,0,346550,780,1
