sku,dates,price,qty
10060,10/04/19,2798.0,3
10060,11/04/19,2798.0,2
10060,12/04/19,2798.0,4
10060,13/04/19,2798.0,3
10060,14/04/19,2798.0,1
10060,15/04/19,2821.0,4
10060,16/04/19,2821.0,4
10060,17/04/19,2821.0,4
10060,18/04/19,2821.0,3
10060,19/04/19,2821.0,2
10060,20/04/19,2821.0,3
10060,21/04/19,2821.0,4
10060,22/04/19,2816.0,3
10060,23/04/19,2816.0,4
10060,24/04/19,2816.0,2
10060,25/04/19,2816.0,3
10060,26/04/19,2816.0,4
10060,27/04/19,2816.0,1
10060,28/04/19,2816.0,3
10060,29/04/19,2576.0,5
10060,30/04/19,2576.0,5
10060,01/05/19,2576.0,4
10060,02/05/19,2576.0,4
10060,03/05/19,2576.0,3
10060,04/05/19,2576.0,4
10060,05/05/19,2576.0,5
10060,06/05/19,2553.0,5
10060,07/05/19,2553.0,6
10060,08/05/19,2553.0,6
10060,09/05/19,2553.0,3
10060,10/05/19,2553.0,4
10060,11/05/19,2553.0,3
10060,12/05/19,2553.0,5
10060,13/05/19,2761.0,3
10060,14/05/19,2761.0,3
10060,15/05/19,2761.0,2
10060,16/05/19,2761.0,3
10060,17/05/19,2761.0,3
10060,18/05/19,2761.0,3
10060,19/05/19,2761.0,1
10060,20/05/19,2748.0,2
10060,21/05/19,2748.0,5
10060,22/05/19,2748.0,3
10060,23/05/19,2748.0,4
10060,24/05/19,2748.0,4
10060,25/05/19,2748.0,4
10060,26/05/19,2748.0,3
10060,27/05/19,2818.0,3
10060,28/05/19,2818.0,3
10060,29/05/19,2818.0,3
10060,30/05/19,2818.0,4
10060,31/05/19,2818.0,2
10060,01/06/19,2818.0,2
10060,02/06/19,2818.0,3
10060,03/06/19,2784.0,3
10060,04/06/19,2784.0,4
10060,05/06/19,2784.0,3
10060,06/06/19,2784.0,3
10060,07/06/19,2784.0,3
10060,08/06/19,2784.0,3
10060,09/06/19,2784.0,3
10060,10/06/19,2806.0,5
10060,11/06/19,2806.0,2
10060,12/06/19,2806.0,3
10060,13/06/19,2806.0,4
10060,14/06/19,2806.0,4
10060,15/06/19,2806.0,3
10060,16/06/19,2806.0,3
10060,17/06/19,2828.0,3
10060,18/06/19,2828.0,3
10060,19/06/19,2828.0,3
10060,20/06/19,2828.0,1
10060,21/06/19,2828.0,1
10060,22/06/19,2828.0,2
10060,23/06/19,2828.0,3
10060,24/06/19,2809.0,5
10060,25/06/19,2809.0,4
10060,26/06/19,2809.0,5
10060,27/06/19,2809.0,3
10060,28/06/19,2809.0,2
10060,29/06/19,2809.0,5
10060,30/06/19,2809.0,4
10060,01/07/19,2842.0,5
10060,02/07/19,2842.0,3
10060,03/07/19,2842.0,4
10060,04/07/19,2842.0,4
10060,05/07/19,2842.0,1
10060,06/07/19,2842.0,3
10060,07/07/19,2842.0,2
10060,08/07/19,2788.0,3
10060,09/07/19,2788.0,3
10060,10/07/19,2788.0,5
10060,11/07/19,2788.0,3
10060,12/07/19,2788.0,3
10060,13/07/19,2788.0,3
10060,14/07/19,2788.0,2
10060,15/07/19,2803.0,4
10060,16/07/19,2803.0,4
10060,17/07/19,2803.0,3
10060,18/07/19,2803.0,4
10060,19/07/19,2803.0,2
10060,20/07/19,2803.0,2
10060,21/07/19,2803.0,3
10060,22/07/19,2833.0,4
10060,23/07/19,2833.0,2
10060,24/07/19,2833.0,3
10060,25/07/19,2833.0,3
10060,26/07/19,2833.0,3
10060,27/07/19,2833.0,3
10060,28/07/19,2833.0,3
10060,29/07/19,2779.0,1
10060,30/07/19,2779.0,2
10060,31/07/19,2779.0,3
10060,01/08/19,2779.0,3
10060,02/08/19,2779.0,4
10060,03/08/19,2779.0,2
10060,04/08/19,2779.0,5
10060,05/08/19,2743.0,3
10060,06/08/19,2743.0,3
10060,07/08/19,2743.0,2
10060,08/08/19,2743.0,3
10060,09/08/19,2743.0,3
10060,10/08/19,2743.0,3
10060,11/08/19,2743.0,4
10060,12/08/19,2801.0,3
10060,13/08/19,2801.0,3
10060,14/08/19,2801.0,2
10060,15/08/19,2801.0,3
10060,16/08/19,2801.0,3
10060,17/08/19,2801.0,1
10060,18/08/19,2801.0,3
10060,19/08/19,2779.0,2
10060,20/08/19,2779.0,3
10060,21/08/19,2779.0,2
10060,22/08/19,2779.0,3
10060,23/08/19,2779.0,3
10060,24/08/19,2779.0,1
10060,25/08/19,2779.0,5
10060,26/08/19,2597.0,5
10060,27/08/19,2597.0,7
10060,28/08/19,2597.0,4
10060,29/08/19,2597.0,5
10060,30/08/19,2597.0,5
10060,31/08/19,2597.0,3
10060,01/09/19,2597.0,3
10060,02/09/19,2754.0,2
10060,03/09/19,2754.0,3
10060,04/09/19,2754.0,3
10060,05/09/19,2754.0,2
10060,06/09/19,2754.0,3
10060,07/09/19,2754.0,3
10060,08/09/19,2754.0,3
10060,09/09/19,2813.0,5
10060,10/09/19,2813.0,3
10060,11/09/19,2813.0,3
10060,12/09/19,2813.0,2
10060,13/09/19,2813.0,4
10060,14/09/19,2813.0,3
10060,15/09/19,2813.0,3
10060,16/09/19,2801.0,5
10060,17/09/19,2801.0,2
10060,18/09/19,2801.0,3
10060,19/09/19,2801.0,3
10060,20/09/19,2801.0,3
10060,21/09/19,2801.0,3
10060,22/09/19,2801.0,3
10060,23/09/19,2773.0,1
10060,24/09/19,2773.0,4
10060,25/09/19,2773.0,4
10060,26/09/19,2773.0,1
10060,27/09/19,2773.0,3
10060,28/09/19,2773.0,1
10060,29/09/19,2773.0,4
10060,30/09/19,2788.0,1
10060,01/10/19,2788.0,2
10060,02/10/19,2788.0,3
10060,03/10/19,2788.0,3
10060,04/10/19,2788.0,1
10060,05/10/19,2788.0,4
10060,06/10/19,2788.0,3
10060,07/10/19,2754.0,2
10060,08/10/19,2754.0,4
10060,09/10/19,2754.0,4
10060,10/10/19,2754.0,4
10060,11/10/19,2754.0,3
10060,12/10/19,2754.0,3
10060,13/10/19,2754.0,3
10060,14/10/19,2801.0,3
10060,15/10/19,2801.0,3
10060,16/10/19,2801.0,3
10060,17/10/19,2801.0,3
10060,18/10/19,2801.0,2
10060,19/10/19,2801.0,3
10060,20/10/19,2801.0,3
10060,21/10/19,2811.0,4
10060,22/10/19,2811.0,3
10060,23/10/19,2811.0,3
10060,24/10/19,2811.0,3
10060,25/10/19,2811.0,3
10060,26/10/19,2811.0,3
10060,27/10/19,2811.0,3
10060,28/10/19,2801.0,3
10060,29/10/19,2801.0,3
10060,30/10/19,2801.0,2
10060,31/10/19,2801.0,3
10060,01/11/19,2801.0,3
10060,02/11/19,2801.0,3
10060,03/11/19,2801.0,3
10060,04/11/19,2776.0,2
10060,05/11/19,2776.0,3
10060,06/11/19,2776.0,4
10060,07/11/19,2776.0,4
10060,08/11/19,2776.0,4
10060,09/11/19,2776.0,3
10060,10/11/19,2776.0,3
10060,11/11/19,2808.0,3
10060,12/11/19,2808.0,5
10060,13/11/19,2808.0,3
10060,14/11/19,2808.0,2
10060,15/11/19,2808.0,3
10060,16/11/19,2808.0,3
10060,17/11/19,2808.0,3
10060,18/11/19,2812.0,3
10060,19/11/19,2812.0,2
10060,20/11/19,2812.0,4
10060,21/11/19,2812.0,3
10060,22/11/19,2812.0,3
10060,23/11/19,2812.0,3
10060,24/11/19,2812.0,3
10060,25/11/19,2822.0,4
10060,26/11/19,2822.0,3
10060,27/11/19,2822.0,2
10060,28/11/19,2822.0,4
10060,29/11/19,2822.0,5
10060,30/11/19,2822.0,4
10121,11/10/19,2913.0,3
10121,12/10/19,2913.0,5
10121,13/10/19,2913.0,5
10121,14/10/19,2951.0,5
10121,15/10/19,2951.0,7
10121,16/10/19,2951.0,4
10121,17/10/19,2951.0,5
10121,18/10/19,2951.0,6
10121,19/10/19,2951.0,5
10121,20/10/19,2951.0,5
10121,21/10/19,2939.0,7
10121,22/10/19,2939.0,6
10121,23/10/19,2939.0,6
10121,24/10/19,2939.0,3
10121,25/10/19,2939.0,5
10121,26/10/19,2939.0,5
10121,27/10/19,2939.0,6
10121,28/10/19,2948.0,6
10121,29/10/19,2948.0,5
10121,30/10/19,2948.0,5
10121,31/10/19,2948.0,6
10121,01/11/19,2948.0,6
10121,02/11/19,2948.0,7
10121,03/11/19,2948.0,5
10121,04/11/19,2924.0,5
10121,05/11/19,2924.0,6
10121,06/11/19,2924.0,5
10121,07/11/19,2924.0,3
10121,08/11/19,2924.0,5
10121,09/11/19,2924.0,5
10121,10/11/19,2924.0,5
10121,11/11/19,2916.0,4
10121,12/11/19,2916.0,5
10121,13/11/19,2916.0,6
10121,14/11/19,2916.0,5
10121,15/11/19,2916.0,4
10121,16/11/19,2916.0,6
10121,17/11/19,2916.0,6
10121,18/11/19,2933.0,5
10121,19/11/19,2933.0,5
10121,20/11/19,2933.0,5
10121,21/11/19,2933.0,3
10121,22/11/19,2933.0,6
10121,23/11/19,2933.0,6
10121,24/11/19,2933.0,3
10121,25/11/19,2854.0,5
10121,26/11/19,2854.0,6
10121,27/11/19,2854.0,5
10121,28/11/19,2854.0,5
10121,29/11/19,2854.0,6
10121,30/11/19,2854.0,5
10216,16/06/19,3694.0,2
10216,17/06/19,3698.0,1
10216,19/06/19,3698.0,1
10216,20/06/19,3698.0,1
10216,21/06/19,3698.0,1
10216,23/06/19,3698.0,1
10216,24/06/19,3749.0,1
10216,25/06/19,3749.0,1
10216,26/06/19,3749.0,1
10216,27/06/19,3749.0,1
10216,28/06/19,3749.0,1
10216,29/06/19,3749.0,1
10216,30/06/19,3749.0,2
10216,01/07/19,3706.0,1
10216,02/07/19,3706.0,2
10216,03/07/19,3706.0,1
10216,04/07/19,3706.0,1
10216,05/07/19,3706.0,1
10216,06/07/19,3706.0,1
10216,08/07/19,3613.0,1
10216,10/07/19,3613.0,1
10216,12/07/19,3613.0,3
10216,13/07/19,3613.0,1
10216,14/07/19,3613.0,3
10216,16/07/19,3696.0,2
10216,17/07/19,3696.0,1
10216,18/07/19,3696.0,1
10216,20/07/19,3696.0,1
10216,21/07/19,3696.0,1
10216,23/07/19,3654.0,1
10216,24/07/19,3654.0,2
10216,27/07/19,3654.0,1
10216,28/07/19,3654.0,1
10216,29/07/19,3674.0,1
10216,30/07/19,3674.0,1
10216,31/07/19,3674.0,2
10216,01/08/19,3674.0,1
10216,02/08/19,3674.0,2
10216,03/08/19,3674.0,2
10216,06/08/19,3671.0,2
10216,07/08/19,3671.0,1
10216,08/08/19,3671.0,1
10216,09/08/19,3671.0,1
10216,10/08/19,3671.0,1
10216,11/08/19,3671.0,2
10216,14/08/19,3660.0,1
10216,15/08/19,3660.0,2
10216,16/08/19,3660.0,1
10216,17/08/19,3660.0,1
10216,18/08/19,3660.0,1
10216,19/08/19,3766.0,2
10216,21/08/19,3766.0,2
10216,22/08/19,3766.0,1
10216,23/08/19,3766.0,1
10216,24/08/19,3766.0,2
10216,25/08/19,3766.0,1
10216,26/08/19,3722.0,1
10216,27/08/19,3722.0,3
10216,28/08/19,3722.0,1
10216,29/08/19,3722.0,2
10216,31/08/19,3722.0,2
10216,01/09/19,3722.0,1
10216,02/09/19,3652.0,1
10216,03/09/19,3652.0,2
10216,04/09/19,3652.0,1
10216,05/09/19,3652.0,1
10216,08/09/19,3652.0,2
10216,10/09/19,3684.0,3
10216,11/09/19,3684.0,1
10216,12/09/19,3684.0,1
10216,13/09/19,3684.0,1
10216,14/09/19,3684.0,1
10216,15/09/19,3684.0,1
10216,16/09/19,3721.0,1
10216,18/09/19,3721.0,1
10216,19/09/19,3721.0,2
10216,20/09/19,3721.0,2
10216,21/09/19,3721.0,1
10216,22/09/19,3721.0,1
10216,24/09/19,3681.0,1
10216,25/09/19,3681.0,2
10216,27/09/19,3681.0,2
10216,28/09/19,3681.0,1
10216,30/09/19,3765.0,1
10216,01/10/19,3765.0,2
10216,02/10/19,3765.0,2
10216,03/10/19,3765.0,3
10216,04/10/19,3765.0,1
10216,05/10/19,3765.0,1
10216,06/10/19,3765.0,1
10216,07/10/19,3718.0,3
10216,09/10/19,3718.0,1
10216,10/10/19,3718.0,1
10216,12/10/19,3718.0,1
10216,13/10/19,3718.0,1
10216,14/10/19,3697.0,1
10216,15/10/19,3697.0,1
10216,16/10/19,3697.0,2
10216,18/10/19,3697.0,2
10216,19/10/19,3697.0,2
10216,20/10/19,3697.0,1
10216,21/10/19,3726.0,1
10216,22/10/19,3726.0,2
10216,23/10/19,3726.0,2
10216,24/10/19,3726.0,2
10216,26/10/19,3726.0,1
10216,29/10/19,3690.0,1
10216,30/10/19,3690.0,1
10216,01/11/19,3690.0,1
10216,04/11/19,3742.0,1
10216,06/11/19,3742.0,2
10216,10/11/19,3742.0,1
10216,12/11/19,3327.0,2
10216,13/11/19,3327.0,3
10216,14/11/19,3327.0,1
10216,15/11/19,3327.0,3
10216,16/11/19,3327.0,1
10216,17/11/19,3327.0,2
10216,20/11/19,3306.0,1
10216,21/11/19,3306.0,2
10216,22/11/19,3306.0,2
10216,23/11/19,3306.0,2
10216,24/11/19,3306.0,3
10216,25/11/19,3395.0,2
10216,26/11/19,3395.0,2
10216,27/11/19,3395.0,2
10216,28/11/19,3395.0,1
10216,29/11/19,3395.0,2
10216,30/11/19,3395.0,2
10230,14/03/19,1229.0,7
10230,15/03/19,1229.0,7
10230,16/03/19,1229.0,5
10230,17/03/19,1229.0,5
10230,18/03/19,1230.0,6
10230,19/03/19,1230.0,6
10230,20/03/19,1230.0,3
10230,21/03/19,1230.0,4
10230,22/03/19,1230.0,5
10230,23/03/19,1230.0,4
10230,24/03/19,1230.0,4
10230,25/03/19,1206.0,5
10230,26/03/19,1206.0,7
10230,27/03/19,1206.0,5
10230,28/03/19,1206.0,5
10230,29/03/19,1206.0,3
10230,30/03/19,1206.0,5
10230,31/03/19,1206.0,5
10230,01/04/19,1225.0,6
10230,02/04/19,1225.0,5
10230,03/04/19,1225.0,5
10230,04/04/19,1225.0,7
10230,05/04/19,1225.0,5
10230,06/04/19,1225.0,6
10230,07/04/19,1225.0,4
10230,08/04/19,1223.0,5
10230,09/04/19,1223.0,5
10230,10/04/19,1223.0,7
10230,11/04/19,1223.0,4
10230,12/04/19,1223.0,3
10230,13/04/19,1223.0,6
10230,14/04/19,1223.0,5
10230,15/04/19,1216.0,4
10230,16/04/19,1216.0,5
10230,17/04/19,1216.0,4
10230,18/04/19,1216.0,5
10230,19/04/19,1216.0,5
10230,20/04/19,1216.0,4
10230,21/04/19,1216.0,5
10230,22/04/19,1212.0,4
10230,23/04/19,1212.0,5
10230,24/04/19,1212.0,4
10230,25/04/19,1212.0,4
10230,26/04/19,1212.0,4
10230,27/04/19,1212.0,4
10230,28/04/19,1212.0,5
10230,29/04/19,1228.0,5
10230,30/04/19,1228.0,4
10230,01/05/19,1228.0,3
10230,02/05/19,1228.0,4
10230,03/05/19,1228.0,6
10230,04/05/19,1228.0,4
10230,05/05/19,1228.0,6
10230,06/05/19,1215.0,4
10230,07/05/19,1215.0,6
10230,08/05/19,1215.0,5
10230,09/05/19,1215.0,5
10230,10/05/19,1215.0,5
10230,11/05/19,1215.0,5
10230,12/05/19,1215.0,5
10230,13/05/19,1238.0,6
10230,14/05/19,1238.0,6
10230,15/05/19,1238.0,7
10230,16/05/19,1238.0,5
10230,17/05/19,1238.0,7
10230,18/05/19,1238.0,6
10230,19/05/19,1238.0,5
10230,20/05/19,1205.0,4
10230,21/05/19,1205.0,3
10230,22/05/19,1205.0,5
10230,23/05/19,1205.0,5
10230,24/05/19,1205.0,4
10230,25/05/19,1205.0,6
10230,26/05/19,1205.0,6
10230,27/05/19,1230.0,5
10230,28/05/19,1230.0,6
10230,29/05/19,1230.0,3
10230,30/05/19,1230.0,5
10230,31/05/19,1230.0,5
10230,01/06/19,1230.0,3
10230,02/06/19,1230.0,5
10230,03/06/19,1207.0,5
10230,04/06/19,1207.0,5
10230,05/06/19,1207.0,5
10230,06/06/19,1207.0,4
10230,07/06/19,1207.0,5
10230,08/06/19,1207.0,4
10230,09/06/19,1207.0,6
10230,10/06/19,1227.0,7
10230,11/06/19,1227.0,4
10230,12/06/19,1227.0,5
10230,13/06/19,1227.0,5
10230,14/06/19,1227.0,5
10230,15/06/19,1227.0,5
10230,16/06/19,1227.0,6
10230,17/06/19,1211.0,5
10230,18/06/19,1211.0,5
10230,19/06/19,1211.0,5
10230,20/06/19,1211.0,5
10230,21/06/19,1211.0,5
10230,22/06/19,1211.0,5
10230,23/06/19,1211.0,5
10230,24/06/19,1247.0,6
10230,25/06/19,1247.0,6
10230,26/06/19,1247.0,4
10230,27/06/19,1247.0,6
10230,28/06/19,1247.0,4
10230,29/06/19,1247.0,6
10230,30/06/19,1247.0,5
10230,01/07/19,1222.0,5
10230,02/07/19,1222.0,5
10230,03/07/19,1222.0,5
10230,04/07/19,1222.0,5
10230,05/07/19,1222.0,5
10230,06/07/19,1222.0,7
10230,07/07/19,1222.0,3
10230,08/07/19,1211.0,4
10230,09/07/19,1211.0,5
10230,10/07/19,1211.0,6
10230,11/07/19,1211.0,4
10230,12/07/19,1211.0,3
10230,13/07/19,1211.0,4
10230,14/07/19,1211.0,5
10230,15/07/19,1239.0,6
10230,16/07/19,1239.0,5
10230,17/07/19,1239.0,5
10230,18/07/19,1239.0,5
10230,19/07/19,1239.0,5
10230,20/07/19,1239.0,4
10230,21/07/19,1239.0,6
10230,22/07/19,1235.0,5
10230,23/07/19,1235.0,7
10230,24/07/19,1235.0,4
10230,25/07/19,1235.0,5
10230,26/07/19,1235.0,5
10230,27/07/19,1235.0,6
10230,28/07/19,1235.0,3
10230,29/07/19,1209.0,4
10230,30/07/19,1209.0,5
10230,31/07/19,1209.0,5
10230,01/08/19,1209.0,6
10230,02/08/19,1209.0,4
10230,03/08/19,1209.0,3
10230,04/08/19,1209.0,5
10230,05/08/19,1229.0,6
10230,06/08/19,1229.0,7
10230,07/08/19,1229.0,5
10230,08/08/19,1229.0,6
10230,09/08/19,1229.0,4
10230,10/08/19,1229.0,6
10230,11/08/19,1229.0,6
10230,12/08/19,1220.0,3
10230,13/08/19,1220.0,4
10230,14/08/19,1220.0,5
10230,15/08/19,1220.0,6
10230,16/08/19,1220.0,4
10230,17/08/19,1220.0,5
10230,18/08/19,1220.0,5
10230,19/08/19,1217.0,4
10230,20/08/19,1217.0,3
10230,21/08/19,1217.0,5
10230,22/08/19,1217.0,5
10230,23/08/19,1217.0,5
10230,24/08/19,1217.0,5
10230,25/08/19,1217.0,6
10230,26/08/19,1218.0,5
10230,27/08/19,1218.0,3
10230,28/08/19,1218.0,5
10230,29/08/19,1218.0,4
10230,30/08/19,1218.0,5
10230,31/08/19,1218.0,5
10230,01/09/19,1218.0,4
10230,02/09/19,1232.0,5
10230,03/09/19,1232.0,5
10230,04/09/19,1232.0,4
10230,05/09/19,1232.0,4
10230,06/09/19,1232.0,5
10230,07/09/19,1232.0,7
10230,08/09/19,1232.0,6
10230,09/09/19,1223.0,5
10230,10/09/19,1223.0,5
10230,11/09/19,1223.0,6
10230,12/09/19,1223.0,6
10230,13/09/19,1223.0,5
10230,14/09/19,1223.0,5
10230,15/09/19,1223.0,4
10230,16/09/19,1235.0,5
10230,17/09/19,1235.0,4
10230,18/09/19,1235.0,4
10230,19/09/19,1235.0,5
10230,20/09/19,1235.0,5
10230,21/09/19,1235.0,5
10230,22/09/19,1235.0,5
10230,23/09/19,1223.0,4
10230,24/09/19,1223.0,7
10230,25/09/19,1223.0,5
10230,26/09/19,1223.0,5
10230,27/09/19,1223.0,5
10230,28/09/19,1223.0,6
10230,29/09/19,1223.0,7
10230,30/09/19,1239.0,6
10230,01/10/19,1239.0,5
10230,02/10/19,1239.0,6
10230,03/10/19,1239.0,4
10230,04/10/19,1239.0,6
10230,05/10/19,1239.0,4
10230,06/10/19,1239.0,4
10230,07/10/19,1236.0,5
10230,08/10/19,1236.0,4
10230,09/10/19,1236.0,4
10230,10/10/19,1236.0,6
10230,11/10/19,1236.0,6
10230,12/10/19,1236.0,5
10230,13/10/19,1236.0,5
10230,14/10/19,1225.0,4
10230,15/10/19,1225.0,3
10230,16/10/19,1225.0,5
10230,17/10/19,1225.0,5
10230,18/10/19,1225.0,4
10230,19/10/19,1225.0,5
10230,20/10/19,1225.0,6
10230,21/10/19,1220.0,5
10230,22/10/19,1220.0,6
10230,23/10/19,1220.0,5
10230,24/10/19,1220.0,5
10230,25/10/19,1220.0,3
10230,26/10/19,1220.0,5
10230,27/10/19,1220.0,4
10230,28/10/19,1243.0,5
10230,29/10/19,1243.0,5
10230,30/10/19,1243.0,5
10230,31/10/19,1243.0,6
10230,01/11/19,1243.0,4
10230,02/11/19,1243.0,4
10230,03/11/19,1243.0,3
10230,04/11/19,1221.0,3
10230,05/11/19,1221.0,5
10230,06/11/19,1221.0,6
10230,07/11/19,1221.0,5
10230,08/11/19,1221.0,5
10230,09/11/19,1221.0,4
10230,10/11/19,1221.0,5
10230,11/11/19,1228.0,4
10230,12/11/19,1228.0,5
10230,13/11/19,1228.0,4
10230,14/11/19,1228.0,5
10230,15/11/19,1228.0,4
10230,16/11/19,1228.0,5
10230,17/11/19,1228.0,6
10230,18/11/19,1228.0,5
10230,19/11/19,1228.0,6
10230,20/11/19,1228.0,4
10230,21/11/19,1228.0,5
10230,22/11/19,1228.0,5
10230,23/11/19,1228.0,5
10230,24/11/19,1228.0,5
10230,25/11/19,1234.0,7
10230,26/11/19,1234.0,6
10230,27/11/19,1234.0,5
10230,28/11/19,1234.0,4
10230,29/11/19,1234.0,6
10230,30/11/19,1234.0,5
10290,20/02/18,947.0,3
10290,21/02/18,947.0,2
10290,22/02/18,947.0,2
10290,23/02/18,947.0,2
10290,24/02/18,947.0,2
10290,25/02/18,947.0,2
10290,26/02/18,952.0,3
10290,27/02/18,952.0,2
10290,28/02/18,952.0,3
10290,01/03/18,952.0,1
10290,02/03/18,952.0,2
10290,03/03/18,952.0,2
10290,04/03/18,952.0,1
10290,05/03/18,953.0,2
10290,06/03/18,953.0,3
10290,07/03/18,953.0,3
10290,08/03/18,953.0,3
10290,09/03/18,953.0,3
10290,10/03/18,953.0,1
10290,11/03/18,953.0,2
10290,12/03/18,947.0,2
10290,13/03/18,947.0,4
10290,15/03/18,947.0,1
10290,16/03/18,947.0,2
10290,17/03/18,947.0,2
10290,18/03/18,947.0,3
10290,19/03/18,940.0,1
10290,20/03/18,940.0,1
10290,21/03/18,940.0,2
10290,22/03/18,940.0,3
10290,23/03/18,940.0,2
10290,24/03/18,940.0,3
10290,25/03/18,940.0,2
10290,26/03/18,949.0,4
10290,27/03/18,949.0,3
10290,28/03/18,949.0,2
10290,29/03/18,949.0,2
10290,31/03/18,949.0,2
10290,01/04/18,949.0,1
10290,02/04/18,953.0,3
10290,03/04/18,953.0,3
10290,04/04/18,953.0,4
10290,05/04/18,953.0,2
10290,06/04/18,953.0,2
10290,07/04/18,953.0,2
10290,08/04/18,953.0,4
10290,09/04/18,958.0,3
10290,10/04/18,958.0,2
10290,11/04/18,958.0,2
10290,12/04/18,958.0,2
10290,13/04/18,958.0,2
10290,14/04/18,958.0,3
10290,15/04/18,958.0,1
10290,16/04/18,949.0,2
10290,17/04/18,949.0,4
10290,18/04/18,949.0,1
10290,19/04/18,949.0,2
10290,20/04/18,949.0,3
10290,21/04/18,949.0,3
10290,22/04/18,949.0,1
10290,23/04/18,960.0,2
10290,24/04/18,960.0,3
10290,25/04/18,960.0,2
10290,26/04/18,960.0,2
10290,27/04/18,960.0,2
10290,28/04/18,960.0,3
10290,29/04/18,960.0,1
10290,30/04/18,952.0,2
10290,01/05/18,952.0,2
10290,02/05/18,952.0,4
10290,03/05/18,952.0,4
10290,04/05/18,952.0,3
10290,05/05/18,952.0,1
10290,06/05/18,952.0,2
10290,07/05/18,940.0,2
10290,08/05/18,940.0,2
10290,09/05/18,940.0,1
10290,11/05/18,940.0,1
10290,12/05/18,940.0,2
10290,13/05/18,940.0,2
10290,14/05/18,933.0,2
10290,15/05/18,933.0,3
10290,16/05/18,933.0,1
10290,17/05/18,933.0,2
10290,18/05/18,933.0,1
10290,19/05/18,933.0,3
10290,20/05/18,933.0,1
10290,21/05/18,945.0,1
10290,22/05/18,945.0,2
10290,23/05/18,945.0,4
10290,24/05/18,945.0,1
10290,25/05/18,945.0,1
10290,26/05/18,945.0,2
10290,27/05/18,945.0,2
10290,28/05/18,946.0,2
10290,29/05/18,946.0,2
10290,30/05/18,946.0,2
10290,31/05/18,946.0,2
10290,01/06/18,946.0,3
10290,02/06/18,946.0,2
10290,03/06/18,946.0,2
10290,04/06/18,958.0,4
10290,05/06/18,958.0,2
10290,06/06/18,958.0,3
10290,07/06/18,958.0,2
10290,09/06/18,958.0,2
10290,10/06/18,958.0,3
10290,11/06/18,965.0,2
10290,12/06/18,965.0,3
10290,13/06/18,965.0,1
10290,14/06/18,965.0,2
10290,15/06/18,965.0,3
10290,16/06/18,965.0,1
10290,17/06/18,965.0,2
10290,18/06/18,940.0,2
10290,19/06/18,940.0,2
10290,20/06/18,940.0,3
10290,21/06/18,940.0,2
10290,24/06/18,940.0,2
10290,25/06/18,936.0,1
10290,26/06/18,936.0,3
10290,27/06/18,936.0,1
10290,28/06/18,936.0,2
10290,29/06/18,936.0,1
10290,30/06/18,936.0,1
10290,01/07/18,936.0,2
10290,02/07/18,951.0,2
10290,03/07/18,951.0,3
10290,04/07/18,951.0,2
10290,05/07/18,951.0,2
10290,06/07/18,951.0,3
10290,07/07/18,951.0,2
10290,08/07/18,951.0,2
10290,09/07/18,954.0,2
10290,10/07/18,954.0,2
10290,11/07/18,954.0,2
10290,12/07/18,954.0,2
10290,13/07/18,954.0,2
10290,14/07/18,954.0,2
10290,15/07/18,954.0,2
10290,16/07/18,944.0,2
10290,18/07/18,944.0,2
10290,19/07/18,944.0,3
10290,20/07/18,944.0,2
10290,21/07/18,944.0,2
10290,22/07/18,944.0,1
10290,23/07/18,947.0,2
10290,24/07/18,947.0,2
10290,25/07/18,947.0,2
10290,26/07/18,947.0,1
10290,27/07/18,947.0,1
10290,28/07/18,947.0,4
10290,29/07/18,947.0,3
10290,30/07/18,955.0,3
10290,31/07/18,955.0,1
10290,01/08/18,955.0,2
10290,02/08/18,955.0,1
10290,04/08/18,955.0,2
10290,05/08/18,955.0,2
10290,07/08/18,954.0,3
10290,08/08/18,954.0,1
10290,09/08/18,954.0,2
10290,10/08/18,954.0,2
10290,11/08/18,954.0,3
10290,12/08/18,954.0,4
10290,13/08/18,957.0,2
10290,14/08/18,957.0,2
10290,15/08/18,957.0,2
10290,16/08/18,957.0,1
10290,17/08/18,957.0,1
10290,18/08/18,957.0,2
10290,19/08/18,957.0,4
10290,20/08/18,959.0,2
10290,21/08/18,959.0,2
10290,22/08/18,959.0,2
10290,23/08/18,959.0,1
10290,24/08/18,959.0,2
10290,26/08/18,959.0,2
10290,27/08/18,948.0,2
10290,28/08/18,948.0,3
10290,29/08/18,948.0,2
10290,30/08/18,948.0,1
10290,31/08/18,948.0,2
10290,01/09/18,948.0,2
10290,02/09/18,948.0,2
10290,03/09/18,952.0,1
10290,04/09/18,952.0,2
10290,05/09/18,952.0,4
10290,06/09/18,952.0,1
10290,07/09/18,952.0,2
10290,08/09/18,952.0,3
10290,09/09/18,952.0,2
10290,10/09/18,965.0,3
10290,11/09/18,965.0,2
10290,12/09/18,965.0,2
10290,13/09/18,965.0,2
10290,14/09/18,965.0,2
10290,15/09/18,965.0,3
10290,17/09/18,957.0,2
10290,18/09/18,957.0,2
10290,19/09/18,957.0,3
10290,20/09/18,957.0,1
10290,21/09/18,957.0,2
10290,22/09/18,957.0,2
10290,23/09/18,957.0,2
10290,24/09/18,953.0,2
10290,25/09/18,953.0,2
10290,26/09/18,953.0,3
10290,27/09/18,953.0,2
10290,28/09/18,953.0,2
10290,29/09/18,953.0,2
10290,30/09/18,953.0,3
10290,01/10/18,952.0,2
10290,02/10/18,952.0,2
10290,04/10/18,952.0,2
10290,05/10/18,952.0,2
10290,06/10/18,952.0,2
10290,07/10/18,952.0,1
10290,08/10/18,958.0,3
10290,09/10/18,958.0,2
10290,10/10/18,958.0,4
10290,11/10/18,958.0,3
10290,12/10/18,958.0,2
10290,13/10/18,958.0,4
10290,14/10/18,958.0,2
10290,15/10/18,945.0,2
10290,16/10/18,945.0,1
10290,17/10/18,945.0,3
10290,18/10/18,945.0,2
10290,19/10/18,945.0,3
10290,20/10/18,945.0,2
10290,21/10/18,945.0,3
10290,22/10/18,951.0,1
10290,23/10/18,951.0,3
10290,24/10/18,951.0,1
10290,25/10/18,951.0,1
10290,26/10/18,951.0,3
10290,28/10/18,951.0,3
10290,29/10/18,966.0,2
10290,30/10/18,966.0,3
10290,31/10/18,966.0,2
10290,01/11/18,966.0,1
10290,02/11/18,966.0,2
10290,03/11/18,966.0,4
10290,04/11/18,966.0,2
10290,05/11/18,968.0,3
10290,06/11/18,968.0,1
10290,07/11/18,968.0,3
10290,08/11/18,968.0,3
10290,11/11/18,968.0,2
10290,12/11/18,963.0,3
10290,13/11/18,963.0,1
10290,14/11/18,963.0,1
10290,15/11/18,963.0,2
10290,16/11/18,963.0,1
10290,17/11/18,963.0,2
10290,18/11/18,963.0,2
10290,19/11/18,966.0,3
10290,20/11/18,966.0,1
10290,21/11/18,966.0,1
10290,22/11/18,966.0,3
10290,23/11/18,966.0,2
10290,24/11/18,966.0,2
10290,25/11/18,966.0,2
10290,27/11/18,956.0,3
10290,28/11/18,956.0,2
10290,29/11/18,956.0,2
10290,30/11/18,956.0,1
10290,01/12/18,956.0,2
10290,02/12/18,956.0,3
10290,03/12/18,959.0,1
10290,04/12/18,959.0,3
10290,05/12/18,959.0,2
10290,06/12/18,959.0,2
10290,07/12/18,959.0,2
10290,08/12/18,959.0,2
10290,09/12/18,959.0,4
10290,10/12/18,967.0,2
10290,11/12/18,967.0,2
10290,12/12/18,967.0,2
10290,14/12/18,967.0,1
10290,15/12/18,967.0,2
10290,16/12/18,967.0,3
10290,17/12/18,957.0,1
10290,18/12/18,957.0,2
10290,19/12/18,957.0,1
10290,20/12/18,957.0,2
10290,22/12/18,957.0,2
10290,23/12/18,957.0,1
10290,24/12/18,960.0,2
10290,25/12/18,960.0,3
10290,27/12/18,960.0,2
10290,28/12/18,960.0,1
10290,29/12/18,960.0,2
10290,30/12/18,960.0,2
10290,31/12/18,966.0,3
10290,01/01/19,960.0,2
10290,02/01/19,960.0,2
10290,03/01/19,960.0,4
10290,04/01/19,960.0,3
10290,05/01/19,960.0,1
10290,06/01/19,960.0,1
10290,07/01/19,979.0,3
10290,08/01/19,979.0,3
10290,09/01/19,979.0,2
10290,10/01/19,979.0,1
10290,11/01/19,979.0,2
10290,12/01/19,979.0,3
10290,13/01/19,979.0,2
10290,14/01/19,982.0,3
10290,15/01/19,982.0,3
10290,16/01/19,982.0,2
10290,18/01/19,982.0,2
10290,19/01/19,982.0,4
10290,20/01/19,982.0,3
10290,21/01/19,958.0,2
10290,22/01/19,958.0,3
10290,23/01/19,958.0,1
10290,24/01/19,958.0,2
10290,25/01/19,958.0,2
10290,26/01/19,958.0,2
10290,27/01/19,958.0,1
10290,28/01/19,971.0,2
